iter	Logloss
0	0.4195701785
1	0.3126566865
2	0.2633451
3	0.2310262138
4	0.2157512761
5	0.2048493078
6	0.1959513324
7	0.1896486841
8	0.1864158874
9	0.1837202476
